Workbook

Sheet 1. Аудит эндпоинтов
A1: № | B1: Микросервис | C1: HTTP метод | D1: Эндпоинт (URL) | E1: Краткое описание | F1: Тип | G1: Во кого ходит (через запятую) | H1: Кто вызывает этот эндпоинт | I1: Комментарий
A2: 1 | B2: cards-service | C2: GET | D2: /api/cards/{id} | E2: Данные карты | F2: CRUD | H2: web-gateway
A3: 2 | B3: cards-service | C3: POST | D3: /api/cards/{id}/unblock-check | E3: Проверка снятия блокировки | F3: Агрегация | G3: accounts-service, clients-service | H3: web-gateway | I3: Перенести в gateway
A4: 3 | B4: cards-service | C4: POST | D4: /api/cards/{id}/block | E4: Блокировка карты | F4: Бизнес-логика | H4: web-gateway
A5: 4 | B5: accounts-service | C5: GET | D5: /api/accounts | E5: Список счетов клиента | F5: CRUD | H5: web-gateway, cards-service
A6: 5 | B6: accounts-service | C6: GET | D6: /api/accounts/{id}/status | E6: Статус счета | F6: Внутренний | H6: cards-service

Sheet 2. Классификация сервисов
A1: Микросервис | B1: Всего эндпоинтов | C1: CRUD | D1: Агрегация | E1: Бизнес-логика | F1: Внутренние | G1: Во кого ходит (авто) | H1: Кто вызывает (авто)
A2: cards-service | B2: =COUNTIF('1. Аудит эндпоинтов'!B2:B200,A2) | C2: =COUNTIFS('1. Аудит эндпоинтов'!B2:B200,A2,'1. Аудит эндпоинтов'!F2:F200,"CRUD") | D2: =COUNTIFS('1. Аудит эндпоинтов'!B2:B200,A2,'1. Аудит эндпоинтов'!F2:F200,"Агрегация") | E2: =COUNTIFS('1. Аудит эндпоинтов'!B2:B200,A2,'1. Аудит эндпоинтов'!F2:F200,"Бизнес-логика") | F2: =COUNTIFS('1. Аудит эндпоинтов'!B2:B200,A2,'1. Аудит эндпоинтов'!F2:F200,"Внутренний") | G2: =TEXTJOIN(", ",TRUE,UNIQUE(FILTER('1. Аудит эндпоинтов'!G2:G200,('1. Аудит эндпоинтов'!B2:B200=A2)*('1. Аудит эндпоинтов'!G2:G200<>"")))) | H2: =TEXTJOIN(", ",TRUE,UNIQUE(FILTER('1. Аудит эндпоинтов'!H2:H200,('1. Аудит эндпоинтов'!B2:B200=A2)*('1. Аудит эндпоинтов'!H2:H200<>""))))
A3: accounts-service | B3: =COUNTIF('1. Аудит эндпоинтов'!B2:B200,A3) | C3: =COUNTIFS('1. Аудит эндпоинтов'!B2:B200,A3,'1. Аудит эндпоинтов'!F2:F200,"CRUD") | D3: =COUNTIFS('1. Аудит эндпоинтов'!B2:B200,A3,'1. Аудит эндпоинтов'!F2:F200,"Агрегация") | E3: =COUNTIFS('1. Аудит эндпоинтов'!B2:B200,A3,'1. Аудит эндпоинтов'!F2:F200,"Бизнес-логика") | F3: =COUNTIFS('1. Аудит эндпоинтов'!B2:B200,A3,'1. Аудит эндпоинтов'!F2:F200,"Внутренний") | G3: =TEXTJOIN(", ",TRUE,UNIQUE(FILTER('1. Аудит эндпоинтов'!G2:G200,('1. Аудит эндпоинтов'!B2:B200=A3)*('1. Аудит эндпоинтов'!G2:G200<>"")))) | H3: =TEXTJOIN(", ",TRUE,UNIQUE(FILTER('1. Аудит эндпоинтов'!H2:H200,('1. Аудит эндпоинтов'!B2:B200=A3)*('1. Аудит эндпоинтов'!H2:H200<>""))))
A4: clients-service | B4: =COUNTIF('1. Аудит эндпоинтов'!B2:B200,A4) | C4: =COUNTIFS('1. Аудит эндпоинтов'!B2:B200,A4,'1. Аудит эндпоинтов'!F2:F200,"CRUD") | D4: =COUNTIFS('1. Аудит эндпоинтов'!B2:B200,A4,'1. Аудит эндпоинтов'!F2:F200,"Агрегация") | E4: =COUNTIFS('1. Аудит эндпоинтов'!B2:B200,A4,'1. Аудит эндпоинтов'!F2:F200,"Бизнес-логика") | F4: =COUNTIFS('1. Аудит эндпоинтов'!B2:B200,A4,'1. Аудит эндпоинтов'!F2:F200,"Внутренний") | G4: =TEXTJOIN(", ",TRUE,UNIQUE(FILTER('1. Аудит эндпоинтов'!G2:G200,('1. Аудит эндпоинтов'!B2:B200=A4)*('1. Аудит эндпоинтов'!G2:G200<>"")))) | H4: =TEXTJOIN(", ",TRUE,UNIQUE(FILTER('1. Аудит эндпоинтов'!H2:H200,('1. Аудит эндпоинтов'!B2:B200=A4)*('1. Аудит эндпоинтов'!H2:H200<>""))))
A5: sessions-service | B5: =COUNTIF('1. Аудит эндпоинтов'!B2:B200,A5) | C5: =COUNTIFS('1. Аудит эндпоинтов'!B2:B200,A5,'1. Аудит эндпоинтов'!F2:F200,"CRUD") | D5: =COUNTIFS('1. Аудит эндпоинтов'!B2:B200,A5,'1. Аудит эндпоинтов'!F2:F200,"Агрегация") | E5: =COUNTIFS('1. Аудит эндпоинтов'!B2:B200,A5,'1. Аудит эндпоинтов'!F2:F200,"Бизнес-логика") | F5: =COUNTIFS('1. Аудит эндпоинтов'!B2:B200,A5,'1. Аудит эндпоинтов'!F2:F200,"Внутренний") | G5: =TEXTJOIN(", ",TRUE,UNIQUE(FILTER('1. Аудит эндпоинтов'!G2:G200,('1. Аудит эндпоинтов'!B2:B200=A5)*('1. Аудит эндпоинтов'!G2:G200<>"")))) | H5: =TEXTJOIN(", ",TRUE,UNIQUE(FILTER('1. Аудит эндпоинтов'!H2:H200,('1. Аудит эндпоинтов'!B2:B200=A5)*('1. Аудит эндпоинтов'!H2:H200<>""))))
A6: orders-service | B6: =COUNTIF('1. Аудит эндпоинтов'!B2:B200,A6) | C6: =COUNTIFS('1. Аудит эндпоинтов'!B2:B200,A6,'1. Аудит эндпоинтов'!F2:F200,"CRUD") | D6: =COUNTIFS('1. Аудит эндпоинтов'!B2:B200,A6,'1. Аудит эндпоинтов'!F2:F200,"Агрегация") | E6: =COUNTIFS('1. Аудит эндпоинтов'!B2:B200,A6,'1. Аудит эндпоинтов'!F2:F200,"Бизнес-логика") | F6: =COUNTIFS('1. Аудит эндпоинтов'!B2:B200,A6,'1. Аудит эндпоинтов'!F2:F200,"Внутренний") | G6: =TEXTJOIN(", ",TRUE,UNIQUE(FILTER('1. Аудит эндпоинтов'!G2:G200,('1. Аудит эндпоинтов'!B2:B200=A6)*('1. Аудит эндпоинтов'!G2:G200<>"")))) | H6: =TEXTJOIN(", ",TRUE,UNIQUE(FILTER('1. Аудит эндпоинтов'!H2:H200,('1. Аудит эндпоинтов'!B2:B200=A6)*('1. Аудит эндпоинтов'!H2:H200<>""))))

Sheet 3. Матрица зависимостей
A1: Столбцы и строки берутся из листа 2. Связи считаются формулами по листу 1.
A3: Из \ В | B3: ='2. Классификация сервисов'!A2 | C3: ='2. Классификация сервисов'!A3 | D3: ='2. Классификация сервисов'!A4 | E3: ='2. Классификация сервисов'!A5 | F3: ='2. Классификация сервисов'!A6
A4: ='2. Классификация сервисов'!A2 | B4: — | C4: =IF(COUNTIFS('1. Аудит эндпоинтов'!B2:B200,$A4,'1. Аудит эндпоинтов'!G2:G200,"*"&C$3&"*")>0,"+","") | D4: =IF(COUNTIFS('1. Аудит эндпоинтов'!B2:B200,$A4,'1. Аудит эндпоинтов'!G2:G200,"*"&D$3&"*")>0,"+","") | E4: =IF(COUNTIFS('1. Аудит эндпоинтов'!B2:B200,$A4,'1. Аудит эндпоинтов'!G2:G200,"*"&E$3&"*")>0,"+","") | F4: =IF(COUNTIFS('1. Аудит эндпоинтов'!B2:B200,$A4,'1. Аудит эндпоинтов'!G2:G200,"*"&F$3&"*")>0,"+","")
A5: ='2. Классификация сервисов'!A3 | B5: =IF(COUNTIFS('1. Аудит эндпоинтов'!B2:B200,$A5,'1. Аудит эндпоинтов'!G2:G200,"*"&B$3&"*")>0,"+","") | C5: — | D5: =IF(COUNTIFS('1. Аудит эндпоинтов'!B2:B200,$A5,'1. Аудит эндпоинтов'!G2:G200,"*"&D$3&"*")>0,"+","") | E5: =IF(COUNTIFS('1. Аудит эндпоинтов'!B2:B200,$A5,'1. Аудит эндпоинтов'!G2:G200,"*"&E$3&"*")>0,"+","") | F5: =IF(COUNTIFS('1. Аудит эндпоинтов'!B2:B200,$A5,'1. Аудит эндпоинтов'!G2:G200,"*"&F$3&"*")>0,"+","")
A6: ='2. Классификация сервисов'!A4 | B6: =IF(COUNTIFS('1. Аудит эндпоинтов'!B2:B200,$A6,'1. Аудит эндпоинтов'!G2:G200,"*"&B$3&"*")>0,"+","") | C6: =IF(COUNTIFS('1. Аудит эндпоинтов'!B2:B200,$A6,'1. Аудит эндпоинтов'!G2:G200,"*"&C$3&"*")>0,"+","") | D6: — | E6: =IF(COUNTIFS('1. Аудит эндпоинтов'!B2:B200,$A6,'1. Аудит эндпоинтов'!G2:G200,"*"&E$3&"*")>0,"+","") | F6: =IF(COUNTIFS('1. Аудит эндпоинтов'!B2:B200,$A6,'1. Аудит эндпоинтов'!G2:G200,"*"&F$3&"*")>0,"+","")
A7: ='2. Классификация сервисов'!A5 | B7: =IF(COUNTIFS('1. Аудит эндпоинтов'!B2:B200,$A7,'1. Аудит эндпоинтов'!G2:G200,"*"&B$3&"*")>0,"+","") | C7: =IF(COUNTIFS('1. Аудит эндпоинтов'!B2:B200,$A7,'1. Аудит эндпоинтов'!G2:G200,"*"&C$3&"*")>0,"+","") | D7: =IF(COUNTIFS('1. Аудит эндпоинтов'!B2:B200,$A7,'1. Аудит эндпоинтов'!G2:G200,"*"&D$3&"*")>0,"+","") | E7: — | F7: =IF(COUNTIFS('1. Аудит эндпоинтов'!B2:B200,$A7,'1. Аудит эндпоинтов'!G2:G200,"*"&F$3&"*")>0,"+","")
A8: ='2. Классификация сервисов'!A6 | B8: =IF(COUNTIFS('1. Аудит эндпоинтов'!B2:B200,$A8,'1. Аудит эндпоинтов'!G2:G200,"*"&B$3&"*")>0,"+","") | C8: =IF(COUNTIFS('1. Аудит эндпоинтов'!B2:B200,$A8,'1. Аудит эндпоинтов'!G2:G200,"*"&C$3&"*")>0,"+","") | D8: =IF(COUNTIFS('1. Аудит эндпоинтов'!B2:B200,$A8,'1. Аудит эндпоинтов'!G2:G200,"*"&D$3&"*")>0,"+","") | E8: =IF(COUNTIFS('1. Аудит эндпоинтов'!B2:B200,$A8,'1. Аудит эндпоинтов'!G2:G200,"*"&E$3&"*")>0,"+","") | F8: —

Sheet 4. Сводка
A1: Область (группа) | B1: Сервисы в группе (через запятую) | C1: Суммарно эндпоинтов | D1: Общие зависимости | E1: Предложение | F1: Приоритет
A2: Карты | B2: cards-service, card-status-service, card-blocking-service | C2: =SUMPRODUCT(SUMIF('2. Классификация сервисов'!A2:A6,TRIM(MID(SUBSTITUTE(B2,",",REPT(" ",99)),(ROW(INDIRECT("1:"&LEN(B2)-LEN(SUBSTITUTE(B2,",",""))+1))-1)*99+1,99)),'2. Классификация сервисов'!B2:B6))
A3: Счета | B3: accounts-service, account-status-service | C3: =SUMPRODUCT(SUMIF('2. Классификация сервисов'!A2:A6,TRIM(MID(SUBSTITUTE(B3,",",REPT(" ",99)),(ROW(INDIRECT("1:"&LEN(B3)-LEN(SUBSTITUTE(B3,",",""))+1))-1)*99+1,99)),'2. Классификация сервисов'!B2:B6))
A4: Клиенты | B4: clients-service, client-profile-service, client-risk-service | C4: =SUMPRODUCT(SUMIF('2. Классификация сервисов'!A2:A6,TRIM(MID(SUBSTITUTE(B4,",",REPT(" ",99)),(ROW(INDIRECT("1:"&LEN(B4)-LEN(SUBSTITUTE(B4,",",""))+1))-1)*99+1,99)),'2. Классификация сервисов'!B2:B6))
A5: Сессии | B5: sessions-service | C5: =SUMPRODUCT(SUMIF('2. Классификация сервисов'!A2:A6,TRIM(MID(SUBSTITUTE(B5,",",REPT(" ",99)),(ROW(INDIRECT("1:"&LEN(B5)-LEN(SUBSTITUTE(B5,",",""))+1))-1)*99+1,99)),'2. Классификация сервисов'!B2:B6))
A6: Операции | B6: orders-service | C6: =SUMPRODUCT(SUMIF('2. Классификация сервисов'!A2:A6,TRIM(MID(SUBSTITUTE(B6,",",REPT(" ",99)),(ROW(INDIRECT("1:"&LEN(B6)-LEN(SUBSTITUTE(B6,",",""))+1))-1)*99+1,99)),'2. Классификация сервисов'!B2:B6))

Sheet 5. Инструкция
A1: Как заполнять аудит эндпоинтов
A3: Лист 1: Аудит эндпоинтов — ИСТОЧНИК ДАННЫХ
A4: Заполняете ВЫ вручную. Это основа всего.
A5: Столбец G ("Во кого ходит") — через запятую перечислите сервисы, в которые ходит эндпоинт.
A6: Пример: accounts-service, clients-service
A7: Столбец H ("Кто вызывает") — через запятую перечислите, кто ходит в этот эндпоинт.
A8: Пример: web-gateway, cards-service
A10: Лист 2: Классификация сервисов — АВТОМАТИЧЕСКИ
A11: Столбец A: заполняете список сервисов вручную.
A12: Столбцы B-F: считаются формулами (COUNTIF, COUNTIFS).
A13: Столбцы G-H: считаются формулами (FILTER + UNIQUE + TEXTJOIN).
A15: Лист 3: Матрица зависимостей — АВТОМАТИЧЕСКИ
... A31: Внутренний — не для фронта, используется другими сервисами
